"V1","V2","V3","V4","V5","V6","V7"
NA,41.7736,69.8958373449383,68.6908810854672,67.2192523337223,77.2542099363496,67.555329043195
47.5665,27.3453,47.5665,47.5665,47.5665,47.5665,47.5665
NA,59.1521,96.7700835495878,85.6969383642857,100.832465096753,78.4581111362039,30.6746286400358
159.2891,69.933,159.2891,159.2891,159.2891,159.2891,159.2891
161.0626,81.9026,161.0626,161.0626,161.0626,161.0626,161.0626
NA,88.2903,197.343254385232,29.8691407244236,176.040099921364,235.140894015738,181.46699005335
82.6115,45.4909,82.6115,82.6115,82.6115,82.6115,82.6115
72.9702,53.4146,72.9702,72.9702,72.9702,72.9702,72.9702
70.272,42.391,70.272,70.272,70.272,70.272,70.272
22.8198,15.9606,22.8198,22.8198,22.8198,22.8198,22.8198
41.5217,32.366,41.5217,41.5217,41.5217,41.5217,41.5217
NA,91.3831,251.458577412226,141.965330924392,85.5214885135555,246.266698065502,235.001682751147
NA,48.2535,93.1112598735241,45.0820462768219,29.9641096053363,60.9871762189608,86.5126597446582
31.9937,22.1887,31.9937,31.9937,31.9937,31.9937,31.9937
39.3125,30.422,39.3125,39.3125,39.3125,39.3125,39.3125
NA,18.7197,26.9466217941225,23.9524059651539,28.9348968786833,28.4906155658692,23.3231712746852
39.8383,22.4629,39.8383,39.8383,39.8383,39.8383,39.8383
20.5299,14.1921,20.5299,20.5299,20.5299,20.5299,20.5299
NA,60.5753,108.250652285843,36.1019293612818,144.941511465003,70.4314568650324,63.4758693147001
25.7468,16.2458,25.7468,25.7468,25.7468,25.7468,25.7468
NA,77.5998,101.283812617673,120.019725951321,45.0464649773323,147.60704816263,104.760863465236
NA,80.2285,141.582937904597,97.4588438234209,212.556036691123,184.058231507027,105.661229521184
41.0559,35.0972,41.0559,41.0559,41.0559,41.0559,41.0559
65.344,53.7968,65.344,65.344,65.344,65.344,65.344
27.9512,19.2302,27.9512,27.9512,27.9512,27.9512,27.9512
NA,55.1975,77.219004055902,136.158706397464,76.113004631491,61.9864238315009,51.7156596213022
NA,41.3542,73.1877415849763,66.4896137278585,64.9052032952629,50.0540740290868,46.0451472775205
61.3796,34.6336,61.3796,61.3796,61.3796,61.3796,61.3796
133.9746,56.4054,133.9746,133.9746,133.9746,133.9746,133.9746
NA,76.8161,66.7761276426119,17.7594490208246,149.930242319874,113.471422954027,37.159282018554
75.7679,54.4697,75.7679,75.7679,75.7679,75.7679,75.7679
69.4573,34.3068,69.4573,69.4573,69.4573,69.4573,69.4573
49.9354,27.4218,49.9354,49.9354,49.9354,49.9354,49.9354
72.0367,44.9122,72.0367,72.0367,72.0367,72.0367,72.0367
4.6373,3.0536,4.6373,4.6373,4.6373,4.6373,4.6373
195.0542,96.5533,195.0542,195.0542,195.0542,195.0542,195.0542
56.9872,37.5307,56.9872,56.9872,56.9872,56.9872,56.9872
22.7666,13.752,22.7666,22.7666,22.7666,22.7666,22.7666
122.8865,54.7135,122.8865,122.8865,122.8865,122.8865,122.8865
NA,94.2022,99.19036778866,186.60122747539,142.732772567586,120.900027897281,169.623807806945
NA,38.3738,75.0462777527028,57.7108279237787,75.8470409933568,21.9125769474255,67.4751580161872
37.1637,29.2131,37.1637,37.1637,37.1637,37.1637,37.1637
NA,28.6289,44.8732308325741,39.6642026905293,47.7149626925583,20.9830710223178,50.2238147938636
55.5446,61.2891,55.5446,55.5446,55.5446,55.5446,55.5446
NA,105.1117,213.316467223199,268.22626684709,-80.922019355251,155.337716910578,134.627518830802
NA,24.5042,33.9824905461829,34.110529299915,30.8036586326827,42.6687907335614,41.2429983812303
NA,71.4318,105.993080500586,95.2507879133495,99.04176195976,52.3263831859146,154.30673398008
20.2228,12.4923,20.2228,20.2228,20.2228,20.2228,20.2228
NA,82.6749,56.0738228879977,118.033644559338,189.881839541202,38.869782172136,137.046304252826
NA,53.4095,74.1833323369079,84.4635148028769,71.3481293992594,99.2165360466883,39.9758634026004
89.0052,64.9521,89.0052,89.0052,89.0052,89.0052,89.0052
NA,43.8772,54.3260501633373,105.52019452975,88.0654450159932,65.3111296935223,55.114688735548
80.7915,50.506,80.7915,80.7915,80.7915,80.7915,80.7915
19.9963,12.7499,19.9963,19.9963,19.9963,19.9963,19.9963
31.1106,22.9354,31.1106,31.1106,31.1106,31.1106,31.1106
NA,84.8262,179.532643865056,155.033306658403,146.637253173652,79.5603551772478,108.524927623066
69.3243,46.6508,69.3243,69.3243,69.3243,69.3243,69.3243
NA,21.7688,35.0096805405469,29.488939361321,27.9342884491341,35.221267170487,26.4630347074278
94.2501,95.3052,94.2501,94.2501,94.2501,94.2501,94.2501
34.8073,30.228,34.8073,34.8073,34.8073,34.8073,34.8073
49.0122,39.7291,49.0122,49.0122,49.0122,49.0122,49.0122
NA,48.6699,92.969649700118,58.0856202416479,84.3524047518551,64.906815565903,65.0266830800016
64.2747,81.6162,64.2747,64.2747,64.2747,64.2747,64.2747
48.692,32.338,48.692,48.692,48.692,48.692,48.692
30.5389,20.5851,30.5389,30.5389,30.5389,30.5389,30.5389
38.0466,33.6061,38.0466,38.0466,38.0466,38.0466,38.0466
65.2493,39.4738,65.2493,65.2493,65.2493,65.2493,65.2493
81.3881,70.6823,81.3881,81.3881,81.3881,81.3881,81.3881
44.071,34.74,44.071,44.071,44.071,44.071,44.071
NA,68.4621,131.367992062358,101.586291192383,61.2094437619291,136.737991541748,227.645875126556
23.1749,14.8551,23.1749,23.1749,23.1749,23.1749,23.1749
35.995,25.6183,35.995,35.995,35.995,35.995,35.995
20.1239,12.7345,20.1239,20.1239,20.1239,20.1239,20.1239
NA,50.558,46.812250441905,77.5938025465281,117.272536273492,79.5328036083848,92.3342634826861
125.081,58.8593,125.081,125.081,125.081,125.081,125.081
33.5582,21.6685,33.5582,33.5582,33.5582,33.5582,33.5582
31.0281,22.754,31.0281,31.0281,31.0281,31.0281,31.0281
NA,72.0351,73.5469535501112,135.638001923989,100.446543711955,92.8697680707358,108.354100157127
56.7713,33.6947,56.7713,56.7713,56.7713,56.7713,56.7713
45.1646,34.4946,45.1646,45.1646,45.1646,45.1646,45.1646
NA,100.2213,-7.84445586786887,151.046116348889,206.364222766306,191.106367400116,175.369336129889
32.3016,31.1693,32.3016,32.3016,32.3016,32.3016,32.3016
44.6074,41.8512,44.6074,44.6074,44.6074,44.6074,44.6074
71.0154,30.6712,71.0154,71.0154,71.0154,71.0154,71.0154
NA,20.2487,25.0421387061804,33.0115757416508,29.4220577689172,31.7315862089949,27.6512919658972
43.7589,27.2741,43.7589,43.7589,43.7589,43.7589,43.7589
9.8628,6.3142,9.8628,9.8628,9.8628,9.8628,9.8628
95.5808,49.2261,95.5808,95.5808,95.5808,95.5808,95.5808
NA,50.6512,106.426548909957,101.40868640154,52.4645890900884,58.6896974993631,81.7279171723923
NA,68.2934,150.936473667697,74.5495893444967,102.833194210849,158.777823099896,32.3806485775436
32.014,22.7128,32.014,32.014,32.014,32.014,32.014
15.6782,11.7271,15.6782,15.6782,15.6782,15.6782,15.6782
53.6905,41.1688,53.6905,53.6905,53.6905,53.6905,53.6905
NA,103.3081,46.9035977037817,172.812391414703,299.115811721816,115.224739191645,112.615810757842
87.4177,70.4918,87.4177,87.4177,87.4177,87.4177,87.4177
54.0669,30.7331,54.0669,54.0669,54.0669,54.0669,54.0669
49.9531,45.4774,49.9531,49.9531,49.9531,49.9531,49.9531
115.176,80.2591,115.176,115.176,115.176,115.176,115.176
59.2701,34.1911,59.2701,59.2701,59.2701,59.2701,59.2701
174.482,84.7507,174.482,174.482,174.482,174.482,174.482
144.0594,53.9782,144.0594,144.0594,144.0594,144.0594,144.0594
NA,33.9862,53.0586765667263,48.3043888997322,44.351357485255,47.4158157187674,40.8612375198631
45.5741,31.7854,45.5741,45.5741,45.5741,45.5741,45.5741
NA,125.4731,214.503076240107,328.625118265165,122.247869030764,113.111498259229,65.5534925386276
10.5063,7.0125,10.5063,10.5063,10.5063,10.5063,10.5063
48.4753,30.2076,48.4753,48.4753,48.4753,48.4753,48.4753
NA,30.7586,43.1140991294418,40.0896619792073,46.8768388143028,50.1920069137307,60.5837163714561
78.723,45.5663,78.723,78.723,78.723,78.723,78.723
NA,85.934,45.3869865024875,136.321479617903,110.75732352935,82.3359328215985,156.009231372245
61.3589,34.2045,61.3589,61.3589,61.3589,61.3589,61.3589
89.7148,54.1048,89.7148,89.7148,89.7148,89.7148,89.7148
114.8388,57.982,114.8388,114.8388,114.8388,114.8388,114.8388
29.5041,19.1274,29.5041,29.5041,29.5041,29.5041,29.5041
70.1678,54.524,70.1678,70.1678,70.1678,70.1678,70.1678
67.5661,40.5726,67.5661,67.5661,67.5661,67.5661,67.5661
49.2162,45.0646,49.2162,49.2162,49.2162,49.2162,49.2162
158.9956,71.6531,158.9956,158.9956,158.9956,158.9956,158.9956
141.8723,67.6427,141.8723,141.8723,141.8723,141.8723,141.8723
88.8438,55.3143,88.8438,88.8438,88.8438,88.8438,88.8438
23.6592,17.5032,23.6592,23.6592,23.6592,23.6592,23.6592
NA,85.2378,93.0336051788135,98.4905379603921,40.7316979605611,181.872374999498,304.028761211139
NA,94.7102,168.629181246591,174.147041776906,148.198353667736,180.602875479063,277.693453326903
NA,69.8904,52.0718498925249,53.9518989397887,146.363033584026,99.7587412048615,80.9576824525138
38.1139,24.0783,38.1139,38.1139,38.1139,38.1139,38.1139
NA,47.7386,76.7229106144673,71.4271166351797,48.7681860692844,62.1296958391335,120.350586633775
40.9797,41.0991,40.9797,40.9797,40.9797,40.9797,40.9797
92.2226,53.2572,92.2226,92.2226,92.2226,92.2226,92.2226
34.4415,22.5905,34.4415,34.4415,34.4415,34.4415,34.4415
61.2127,49.3492,61.2127,61.2127,61.2127,61.2127,61.2127
45.539,28.3698,45.539,45.539,45.539,45.539,45.539
NA,31.8037,41.9815431927316,32.3167176137464,55.8047148842531,44.7288145792882,34.6366848667966
NA,148.5229,1.88966627015418,475.171462839474,52.0500406835627,255.315959789413,588.314575438476
NA,108.5389,44.5985022649463,25.4563334721196,-1.02277387104951,214.363201824339,84.3080221356797
30.5949,86.0245,30.5949,30.5949,30.5949,30.5949,30.5949
62.4816,42.9506,62.4816,62.4816,62.4816,62.4816,62.4816
102.6927,57.2895,102.6927,102.6927,102.6927,102.6927,102.6927
11.4335,7.3472,11.4335,11.4335,11.4335,11.4335,11.4335
33.7114,29.7988,33.7114,33.7114,33.7114,33.7114,33.7114
NA,72.6135,154.936573673523,124.662536495728,-12.3819048695724,84.1387277426795,144.412919255167
46.1593,31.4384,46.1593,46.1593,46.1593,46.1593,46.1593
12.8744,8.564,12.8744,12.8744,12.8744,12.8744,12.8744
NA,42.2707,60.555371971687,51.4998649203577,51.7456828049681,87.5152203125998,66.5610093014422
NA,35.2076,36.0452789306828,74.9991730232988,68.9947278908588,36.3833933761159,48.4449935298939
NA,63.0352,109.394250928932,47.3294985685053,113.856537912181,124.059508159669,104.348958137676
NA,82.4185,143.926944624027,164.369174912138,82.1897075411304,146.884307098434,118.276057411062
91.7833,75.0357,91.7833,91.7833,91.7833,91.7833,91.7833
347.2488,98.5821,347.2488,347.2488,347.2488,347.2488,347.2488
22.9529,14.4843,22.9529,22.9529,22.9529,22.9529,22.9529
18.1769,12.8146,18.1769,18.1769,18.1769,18.1769,18.1769
219.0234,102.4033,219.0234,219.0234,219.0234,219.0234,219.0234
180.7252,99.0194,180.7252,180.7252,180.7252,180.7252,180.7252
37.6453,25.0982,37.6453,37.6453,37.6453,37.6453,37.6453
NA,147.4475,219.820115360145,115.940630803637,584.537248763104,305.089518779808,38.0429627931604
35.7625,20.4028,35.7625,35.7625,35.7625,35.7625,35.7625
NA,30.6308,35.2019279326044,52.7727872850824,48.098603092624,46.2307649358893,52.0323736986505
109.4551,67.3596,109.4551,109.4551,109.4551,109.4551,109.4551
74.3828,73.0813,74.3828,74.3828,74.3828,74.3828,74.3828
114.8662,62.1415,114.8662,114.8662,114.8662,114.8662,114.8662
86.8557,55.8701,86.8557,86.8557,86.8557,86.8557,86.8557
57.992,45.4415,57.992,57.992,57.992,57.992,57.992
NA,63.9577,90.5274637097865,148.807379242823,97.7886394596444,57.3233826360936,102.737194462374
NA,22.2211,36.6406924525909,37.717230589501,27.7749151668312,31.7364054505249,35.2181425480583
51.0838,48.5596,51.0838,51.0838,51.0838,51.0838,51.0838
NA,85.3133,167.781580855363,119.030028598691,130.875300331427,77.3064515124069,96.4162890111876
NA,61.8512,92.1386866884233,80.9978662264645,95.3298283121217,118.602069585983,66.5390108981707
50.7789,28.9519,50.7789,50.7789,50.7789,50.7789,50.7789
NA,70.208,97.9732915380236,127.865850937637,72.2710484094914,79.2296010695058,108.522486465627
39.3167,26.068,39.3167,39.3167,39.3167,39.3167,39.3167
NA,70.1876,82.138738005256,95.8001442337022,79.0315768131956,132.595912219408,155.231677337661
139.6921,111.4038,139.6921,139.6921,139.6921,139.6921,139.6921
32.8818,19.2163,32.8818,32.8818,32.8818,32.8818,32.8818
NA,21.6063,30.680370927414,33.8297677342004,29.4601875905378,27.0241879014231,30.8750901954965
63.9064,46.1775,63.9064,63.9064,63.9064,63.9064,63.9064
11.982,7.3722,11.982,11.982,11.982,11.982,11.982
59.6921,106.6115,59.6921,59.6921,59.6921,59.6921,59.6921
NA,42.2525,58.4409087310195,74.2574585992239,55.963238974835,50.8242023093726,41.8310408130992
NA,49.1106,85.315162930875,80.5039656885519,77.4937296381509,72.1604763660876,60.818460148224
33.4254,20.19,33.4254,33.4254,33.4254,33.4254,33.4254
30.6614,19.8185,30.6614,30.6614,30.6614,30.6614,30.6614
26.2694,18.1138,26.2694,26.2694,26.2694,26.2694,26.2694
152.5313,55.6451,152.5313,152.5313,152.5313,152.5313,152.5313
45.8362,38.3001,45.8362,45.8362,45.8362,45.8362,45.8362
80.1566,50.6145,80.1566,80.1566,80.1566,80.1566,80.1566
NA,89.1559,82.0429898107988,57.4873847694313,112.453158655726,97.9914598877099,180.812523584898
133.7111,77.6007,133.7111,133.7111,133.7111,133.7111,133.7111
59.3109,39.2762,59.3109,59.3109,59.3109,59.3109,59.3109
NA,62.6334,125.387751712142,79.0147198989225,116.816101175473,109.317291396185,104.318763395267
NA,32.9127,52.544692987679,59.1635328091938,50.439191669199,48.9110286080418,51.282941718514
90.4134,58.2046,90.4134,90.4134,90.4134,90.4134,90.4134
27.3977,18.4558,27.3977,27.3977,27.3977,27.3977,27.3977
24.0458,16.1739,24.0458,24.0458,24.0458,24.0458,24.0458
151.9188,68.3768,151.9188,151.9188,151.9188,151.9188,151.9188
50.9922,36.641,50.9922,50.9922,50.9922,50.9922,50.9922
54.153,88.0905,54.153,54.153,54.153,54.153,54.153
45.9613,63.4955,45.9613,45.9613,45.9613,45.9613,45.9613
NA,63.2518,97.409147160417,122.588262864834,99.5401303434832,116.448426943453,84.2214340407787
38.2603,24.9953,38.2603,38.2603,38.2603,38.2603,38.2603
103.8735,51.6256,103.8735,103.8735,103.8735,103.8735,103.8735
NA,103.0346,68.9208139346036,217.539585181508,177.457145788198,137.018428845798,255.178339755778
33.2807,19.6394,33.2807,33.2807,33.2807,33.2807,33.2807
214.6027,112.2693,214.6027,214.6027,214.6027,214.6027,214.6027
70.1056,54.6926,70.1056,70.1056,70.1056,70.1056,70.1056
45.673,25.8026,45.673,45.673,45.673,45.673,45.673
NA,63.1122,99.3724079720055,67.6619749409878,59.4668345485143,124.949628157604,101.994756243901
103.9313,52.2503,103.9313,103.9313,103.9313,103.9313,103.9313
NA,86.7177,95.4989965570161,150.480232628908,172.551730241388,10.4768991636641,276.339188625645
NA,111.4587,73.647983892228,221.612775155677,301.767831187523,161.394683835335,177.191010856314
73.613,68.3134,73.613,73.613,73.613,73.613,73.613
57.2895,37.529,57.2895,57.2895,57.2895,57.2895,57.2895
65.9397,35.3296,65.9397,65.9397,65.9397,65.9397,65.9397
49.2123,37.0773,49.2123,49.2123,49.2123,49.2123,49.2123
51.4538,43.0453,51.4538,51.4538,51.4538,51.4538,51.4538
74.9784,41.2649,74.9784,74.9784,74.9784,74.9784,74.9784
14.5862,9.8743,14.5862,14.5862,14.5862,14.5862,14.5862
110.0503,77.5446,110.0503,110.0503,110.0503,110.0503,110.0503
30.2861,25.6232,30.2861,30.2861,30.2861,30.2861,30.2861
60.1257,51.5159,60.1257,60.1257,60.1257,60.1257,60.1257
26.6939,17.4833,26.6939,26.6939,26.6939,26.6939,26.6939
39.135,54.6605,39.135,39.135,39.135,39.135,39.135
116.2429,69.509,116.2429,116.2429,116.2429,116.2429,116.2429
116.1938,63.803,116.1938,116.1938,116.1938,116.1938,116.1938
32.9458,21.8848,32.9458,32.9458,32.9458,32.9458,32.9458
46.7593,51.9791,46.7593,46.7593,46.7593,46.7593,46.7593
95.0421,42.3833,95.0421,95.0421,95.0421,95.0421,95.0421
149.9778,101.108,149.9778,149.9778,149.9778,149.9778,149.9778
60.4796,49.5002,60.4796,60.4796,60.4796,60.4796,60.4796
23.0746,19.4538,23.0746,23.0746,23.0746,23.0746,23.0746
52.8249,31.2019,52.8249,52.8249,52.8249,52.8249,52.8249
51.7889,36.6055,51.7889,51.7889,51.7889,51.7889,51.7889
29.318,21.964,29.318,29.318,29.318,29.318,29.318
28.4324,25.0104,28.4324,28.4324,28.4324,28.4324,28.4324
61.6119,37.2419,61.6119,61.6119,61.6119,61.6119,61.6119
94.8907,88.1247,94.8907,94.8907,94.8907,94.8907,94.8907
NA,11.975,16.1520245257145,18.957169820542,17.9143552880149,17.1293742996833,19.0975512195869
NA,64.4023,46.6346240395707,86.4397491910746,89.6942105349416,95.9409435590698,94.6744722333832
NA,43.2154,69.5530599838705,49.2100405898255,75.2366987987879,49.9559957781094,69.9432500340502
40.649,29.4611,40.649,40.649,40.649,40.649,40.649
NA,162.8574,615.55508340931,151.86777742215,-202.824955406473,364.399295058705,324.572019843908
68.9663,43.0422,68.9663,68.9663,68.9663,68.9663,68.9663
34.73,21.2914,34.73,34.73,34.73,34.73,34.73
42.9616,27.478,42.9616,42.9616,42.9616,42.9616,42.9616
195.383,82.2411,195.383,195.383,195.383,195.383,195.383
53.3687,43.5244,53.3687,53.3687,53.3687,53.3687,53.3687
30.5345,19.141,30.5345,30.5345,30.5345,30.5345,30.5345
28.6188,21.1198,28.6188,28.6188,28.6188,28.6188,28.6188
NA,48.0156,62.3480971969373,87.9611508153645,64.329935028833,69.7860960346611,105.036521347708
51.7283,44.5021,51.7283,51.7283,51.7283,51.7283,51.7283
67.0352,56.0765,67.0352,67.0352,67.0352,67.0352,67.0352
87.6934,68.1769,87.6934,87.6934,87.6934,87.6934,87.6934
87.9509,47.7067,87.9509,87.9509,87.9509,87.9509,87.9509
NA,48.3118,84.0936743759255,55.4152699954633,93.0930062894682,42.6868377012209,56.8798767044973
NA,75.2423,117.903221373262,150.135011414164,137.320150653126,103.947803669173,54.9714318095217
8.6214,5.8406,8.6214,8.6214,8.6214,8.6214,8.6214
115.7639,56.1566,115.7639,115.7639,115.7639,115.7639,115.7639
80.5142,61.7369,80.5142,80.5142,80.5142,80.5142,80.5142
79.5986,74.092,79.5986,79.5986,79.5986,79.5986,79.5986
82.7899,62.3832,82.7899,82.7899,82.7899,82.7899,82.7899
44.6856,33.5209,44.6856,44.6856,44.6856,44.6856,44.6856
33.6781,24.9467,33.6781,33.6781,33.6781,33.6781,33.6781
58.1833,38.5882,58.1833,58.1833,58.1833,58.1833,58.1833
34.8195,23.0903,34.8195,34.8195,34.8195,34.8195,34.8195
28.0258,18.4616,28.0258,28.0258,28.0258,28.0258,28.0258
40.3777,21.829,40.3777,40.3777,40.3777,40.3777,40.3777
30.7439,19.5203,30.7439,30.7439,30.7439,30.7439,30.7439
66.2971,44.3817,66.2971,66.2971,66.2971,66.2971,66.2971
59.4267,38.4895,59.4267,59.4267,59.4267,59.4267,59.4267
NA,49.2771,89.8901973681524,84.0600147065966,38.2924923414854,90.6866658977045,80.9113585021939
NA,39.7093,46.92941252186,58.2932583564779,69.5478981447649,54.5615729730776,68.8525682304146
76.817,59.8706,76.817,76.817,76.817,76.817,76.817
213.2404,96.8903,213.2404,213.2404,213.2404,213.2404,213.2404
33.7456,22.5507,33.7456,33.7456,33.7456,33.7456,33.7456
79.2256,35.1792,79.2256,79.2256,79.2256,79.2256,79.2256
192.1394,61.7902,192.1394,192.1394,192.1394,192.1394,192.1394
13.4833,9.1645,13.4833,13.4833,13.4833,13.4833,13.4833
NA,59.2617,73.9842899222476,67.6163486970026,122.142929337169,13.4224483295925,102.662035885871
53.1028,35.1197,53.1028,53.1028,53.1028,53.1028,53.1028
31.417,21.5577,31.417,31.417,31.417,31.417,31.417
NA,48.4249,66.4359756716898,52.8021429229924,93.2495952720479,87.98769727133,63.4451159883678
NA,65.3785,100.89422516832,111.210115423909,55.4946872741126,103.192821386334,141.991915400284
NA,41.88,72.7231999813953,45.9532035852658,77.5087601373206,54.2949864919575,56.8373473658903
42.3635,21.8343,42.3635,42.3635,42.3635,42.3635,42.3635
50.3656,67.8242,50.3656,50.3656,50.3656,50.3656,50.3656
89.7788,58.3948,89.7788,89.7788,89.7788,89.7788,89.7788
192.2308,93.1998,192.2308,192.2308,192.2308,192.2308,192.2308
16.2785,10.9177,16.2785,16.2785,16.2785,16.2785,16.2785
36.9258,22.3558,36.9258,36.9258,36.9258,36.9258,36.9258
68.3997,50.4489,68.3997,68.3997,68.3997,68.3997,68.3997
29.9,18.5409,29.9,29.9,29.9,29.9,29.9
104.1988,49.2617,104.1988,104.1988,104.1988,104.1988,104.1988
NA,116.5021,241.696316620136,126.164544725149,371.17777830791,303.262118387972,195.167063988646
59.7779,50.463,59.7779,59.7779,59.7779,59.7779,59.7779
NA,89.4154,138.717781286456,199.694952848407,155.409186050014,112.27102452016,91.1383170074039
27.0105,44.912,27.0105,27.0105,27.0105,27.0105,27.0105
68.048,57.1739,68.048,68.048,68.048,68.048,68.048
62.75,34.9645,62.75,62.75,62.75,62.75,62.75
58.5094,40.3176,58.5094,58.5094,58.5094,58.5094,58.5094
42.2191,74.6404,42.2191,42.2191,42.2191,42.2191,42.2191
40.3424,33.1282,40.3424,40.3424,40.3424,40.3424,40.3424
35.794,23.7577,35.794,35.794,35.794,35.794,35.794
71.7371,70.885,71.7371,71.7371,71.7371,71.7371,71.7371
65.1553,60.6945,65.1553,65.1553,65.1553,65.1553,65.1553
31.7362,21.7909,31.7362,31.7362,31.7362,31.7362,31.7362
NA,56.4996,79.7960799844619,55.5268883084461,106.849651705081,72.8094838589472,65.3955664576363
58.4745,39.5096,58.4745,58.4745,58.4745,58.4745,58.4745
39.9308,25.5714,39.9308,39.9308,39.9308,39.9308,39.9308
42.352,24.635,42.352,42.352,42.352,42.352,42.352
NA,45.8076,72.5077556885316,74.6721030303818,76.056472911613,58.4314246511288,87.2959858062621
49.9787,39.9003,49.9787,49.9787,49.9787,49.9787,49.9787
81.4768,52.608,81.4768,81.4768,81.4768,81.4768,81.4768
35.8642,33.5936,35.8642,35.8642,35.8642,35.8642,35.8642
NA,119.4673,-148.261470769339,144.042024827978,192.196326914221,-5.60375038005478,207.192444747978
64.927,33.1885,64.927,64.927,64.927,64.927,64.927
70.1676,45.4064,70.1676,70.1676,70.1676,70.1676,70.1676
147.2396,76.2763,147.2396,147.2396,147.2396,147.2396,147.2396
NA,19.426,28.8674035423941,31.2865110037914,30.2071755788321,27.0910173838388,28.6144655364561
NA,103.0561,216.978059372248,110.728016096955,84.3010371601445,239.195147111115,-1.28378304711211
NA,50.7372,39.0205065517799,105.258051409202,72.0244890078307,88.5967736877886,37.2787564373107
35.712,25.8053,35.712,35.712,35.712,35.712,35.712
47.9376,41.6913,47.9376,47.9376,47.9376,47.9376,47.9376
102.5975,83.5977,102.5975,102.5975,102.5975,102.5975,102.5975
61.6771,41.2251,61.6771,61.6771,61.6771,61.6771,61.6771
NA,43.707,61.0982205301544,66.6348037121046,66.330611017408,60.5435686897434,67.9839810204628
35.5776,22.8611,35.5776,35.5776,35.5776,35.5776,35.5776
NA,34.9372,38.6464115854098,67.2233163125895,45.6726022973322,52.6763702918902,51.6423204165204
79.0126,61.5587,79.0126,79.0126,79.0126,79.0126,79.0126
79.213,55.2657,79.213,79.213,79.213,79.213,79.213
NA,15.416,25.9775354739237,24.7727818923227,22.3686046380306,25.89743276205,20.6931862254954
63.5932,31.5507,63.5932,63.5932,63.5932,63.5932,63.5932
12.7056,8.2907,12.7056,12.7056,12.7056,12.7056,12.7056
17.253,12.845,17.253,17.253,17.253,17.253,17.253
76.4803,48.8128,76.4803,76.4803,76.4803,76.4803,76.4803
49.811,49.0818,49.811,49.811,49.811,49.811,49.811
134.0445,86.3826,134.0445,134.0445,134.0445,134.0445,134.0445
31.366,18.9725,31.366,31.366,31.366,31.366,31.366
18.4113,11.8982,18.4113,18.4113,18.4113,18.4113,18.4113
77.1849,61.1307,77.1849,77.1849,77.1849,77.1849,77.1849
30.0219,18.7283,30.0219,30.0219,30.0219,30.0219,30.0219
124.824,50.5468,124.824,124.824,124.824,124.824,124.824
NA,56.7892,114.567810069955,89.8073140255765,66.6889332383496,51.3842691371119,70.7867820915831
NA,2.9052,4.31209989187585,4.40667478271345,4.35529535958714,4.34309683801227,4.29792341626496
NA,79.5951,75.4082845874628,116.535734504495,176.503051361761,153.261279514598,143.324200206571
109.9995,57.209,109.9995,109.9995,109.9995,109.9995,109.9995
NA,75.7404,118.647806087035,62.8895567928667,154.876345715337,72.0410844802494,59.8670972599023
186.3284,66.3283,186.3284,186.3284,186.3284,186.3284,186.3284
22.8541,14.4527,22.8541,22.8541,22.8541,22.8541,22.8541
41.3541,39.6947,41.3541,41.3541,41.3541,41.3541,41.3541
32.5347,24.3814,32.5347,32.5347,32.5347,32.5347,32.5347
22.7814,14.221,22.7814,22.7814,22.7814,22.7814,22.7814
115.4964,59.9771,115.4964,115.4964,115.4964,115.4964,115.4964
48.5616,38.7804,48.5616,48.5616,48.5616,48.5616,48.5616
19.0619,13.679,19.0619,19.0619,19.0619,19.0619,19.0619
81.2561,50.9031,81.2561,81.2561,81.2561,81.2561,81.2561
NA,76.6316,111.211320732633,65.8936963389403,43.3786117206744,170.68693527481,135.091425668242
NA,73.9704,84.3923361210351,93.9208920089747,59.7781457192661,111.479736549586,146.638113430112
48.4151,37.0357,48.4151,48.4151,48.4151,48.4151,48.4151
13.4293,9.2601,13.4293,13.4293,13.4293,13.4293,13.4293
NA,103.583,235.327593287832,126.666413561692,129.230472681054,177.199208058505,334.410254986406
42.2321,29.5011,42.2321,42.2321,42.2321,42.2321,42.2321
36.3341,25.6074,36.3341,36.3341,36.3341,36.3341,36.3341
25.9892,20.883,25.9892,25.9892,25.9892,25.9892,25.9892
30.7116,20.5341,30.7116,30.7116,30.7116,30.7116,30.7116
35.4805,26.5402,35.4805,35.4805,35.4805,35.4805,35.4805
88.7708,83.5794,88.7708,88.7708,88.7708,88.7708,88.7708
NA,88.8783,173.170729965682,-0.683793672127649,129.864259270195,136.787163055002,250.313058729905
38.5905,25.3769,38.5905,38.5905,38.5905,38.5905,38.5905
NA,78.0342,113.422354063481,67.5033081655946,109.285660901602,145.667991851236,12.9899339220715
24.6552,15.7655,24.6552,24.6552,24.6552,24.6552,24.6552
41.8565,23.5484,41.8565,41.8565,41.8565,41.8565,41.8565
89.8999,50.4483,89.8999,89.8999,89.8999,89.8999,89.8999
23.1733,18.0776,23.1733,23.1733,23.1733,23.1733,23.1733
78.7831,40.4075,78.7831,78.7831,78.7831,78.7831,78.7831
NA,78.5875,137.168646432917,184.507918234401,124.524493156105,105.164813848873,96.7822960536955
75.9242,77.3434,75.9242,75.9242,75.9242,75.9242,75.9242
134.7252,65.642,134.7252,134.7252,134.7252,134.7252,134.7252
NA,62.1373,161.479965744042,103.098444554915,82.3245613024786,150.182299843266,99.6694269346872
NA,82.4192,109.503595302374,262.593143697937,83.9343626269782,107.152419632854,200.536163047837
89.9057,53.9978,89.9057,89.9057,89.9057,89.9057,89.9057
50.2122,88.3274,50.2122,50.2122,50.2122,50.2122,50.2122
NA,70.3894,95.8109780337928,120.164171261837,175.202223816961,85.3714102914843,112.288848118083
51.9892,42.2797,51.9892,51.9892,51.9892,51.9892,51.9892
95.7402,42.3894,95.7402,95.7402,95.7402,95.7402,95.7402
29.3076,19.1055,29.3076,29.3076,29.3076,29.3076,29.3076
62.9015,36.4876,62.9015,62.9015,62.9015,62.9015,62.9015
33.1243,28.3824,33.1243,33.1243,33.1243,33.1243,33.1243
137.6412,88.3602,137.6412,137.6412,137.6412,137.6412,137.6412
NA,29.8406,51.9531046858343,52.022738696961,41.0830332347446,32.8839124092848,48.2016616038803
80.9879,54.408,80.9879,80.9879,80.9879,80.9879,80.9879
27.5046,19.1834,27.5046,27.5046,27.5046,27.5046,27.5046
51.3998,39.6247,51.3998,51.3998,51.3998,51.3998,51.3998
70.805,73.2869,70.805,70.805,70.805,70.805,70.805
64.3318,35.3683,64.3318,64.3318,64.3318,64.3318,64.3318
44.7297,25.3918,44.7297,44.7297,44.7297,44.7297,44.7297
NA,65.107,147.083715841967,74.807580418101,127.080942174212,63.920849218543,72.2730486345645
NA,19.1817,28.2633258821905,32.2749316113798,28.71647299285,34.1774057990245,30.2110626171268
137.0556,50.5803,137.0556,137.0556,137.0556,137.0556,137.0556
59.4559,43.4547,59.4559,59.4559,59.4559,59.4559,59.4559
NA,46.3895,47.967391143222,63.7341194468272,73.5468506373631,76.9165089951411,64.100100512767
NA,55.9971,90.2331723221142,140.320087379721,85.8610687583925,98.9815742265969,101.952360237557
52.9786,38.2306,52.9786,52.9786,52.9786,52.9786,52.9786
94.9037,71.6484,94.9037,94.9037,94.9037,94.9037,94.9037
NA,92.9454,222.19265826399,150.790142201073,117.248197810794,121.277534467516,70.403660204519
50.6615,39.747,50.6615,50.6615,50.6615,50.6615,50.6615
61.8036,50.9372,61.8036,61.8036,61.8036,61.8036,61.8036
NA,96.5874,83.8465339430312,90.9049786677682,58.9950665783036,211.018398384407,57.2105371030377
NA,84.9925,74.0745099407876,98.5735654087565,234.301285708213,75.7851393750736,112.366230574263
NA,86.5755,-11.6406675388261,81.0421612612491,75.4824128642339,180.316486178106,196.598612876189
52.2184,28.633,52.2184,52.2184,52.2184,52.2184,52.2184
24.2842,16.0777,24.2842,24.2842,24.2842,24.2842,24.2842
174.7534,72.118,174.7534,174.7534,174.7534,174.7534,174.7534
52.1149,32.4148,52.1149,52.1149,52.1149,52.1149,52.1149
43.3985,31.613,43.3985,43.3985,43.3985,43.3985,43.3985
68.893,58.9943,68.893,68.893,68.893,68.893,68.893
70.1327,50.6418,70.1327,70.1327,70.1327,70.1327,70.1327
46.3054,25.6772,46.3054,46.3054,46.3054,46.3054,46.3054
26.9523,18.4922,26.9523,26.9523,26.9523,26.9523,26.9523
101.3458,68.6633,101.3458,101.3458,101.3458,101.3458,101.3458
59.0786,42.0581,59.0786,59.0786,59.0786,59.0786,59.0786
NA,79.4596,97.4925874366796,100.750311537073,125.417905389832,176.806617748202,61.3313645309162
76.743,49.8169,76.743,76.743,76.743,76.743,76.743
58.1189,33.776,58.1189,58.1189,58.1189,58.1189,58.1189
28.2852,22.3409,28.2852,28.2852,28.2852,28.2852,28.2852
NA,74.1524,115.082279056122,153.85298017251,135.429402839522,131.933221883011,129.311515832259
45.0755,30.8269,45.0755,45.0755,45.0755,45.0755,45.0755
NA,93.2043,291.830842202066,50.3403746100203,212.501076141039,182.823130195976,281.252056712132
47.6102,50.632,47.6102,47.6102,47.6102,47.6102,47.6102
59.5054,41.9611,59.5054,59.5054,59.5054,59.5054,59.5054
72.0082,41.5246,72.0082,72.0082,72.0082,72.0082,72.0082
132.0495,74.9804,132.0495,132.0495,132.0495,132.0495,132.0495
126.6473,64.6782,126.6473,126.6473,126.6473,126.6473,126.6473
104.9033,54.3342,104.9033,104.9033,104.9033,104.9033,104.9033
NA,22.1754,27.902102204598,31.0270284711656,34.2731421062544,35.0753878429791,32.1196511189559
27.694,22.4661,27.694,27.694,27.694,27.694,27.694
NA,60.7812,49.9404519447597,47.6085031656671,112.312529843472,128.965823940505,102.436198461769
54.3007,38.988,54.3007,54.3007,54.3007,54.3007,54.3007
35.8405,21.2344,35.8405,35.8405,35.8405,35.8405,35.8405
42.2124,42.8586,42.2124,42.2124,42.2124,42.2124,42.2124
22.0138,16.1358,22.0138,22.0138,22.0138,22.0138,22.0138
88.2412,72.4295,88.2412,88.2412,88.2412,88.2412,88.2412
58.0443,60.4618,58.0443,58.0443,58.0443,58.0443,58.0443
53.5681,52.7584,53.5681,53.5681,53.5681,53.5681,53.5681
55.7728,40.9779,55.7728,55.7728,55.7728,55.7728,55.7728
13.8098,8.9529,13.8098,13.8098,13.8098,13.8098,13.8098
36.3667,25.733,36.3667,36.3667,36.3667,36.3667,36.3667
NA,32.5621,34.2217180370664,61.6478111981588,44.1246993804323,49.5833348867957,56.6603960552019
NA,58.4918,65.6539427513473,118.894538314361,125.522398843194,96.2789013603362,98.2851476816778
NA,55.6094,60.2650584488746,101.992952137968,70.4144299046615,78.0719771621811,76.110461214076
25.2261,16.2047,25.2261,25.2261,25.2261,25.2261,25.2261
78.7736,45.7198,78.7736,78.7736,78.7736,78.7736,78.7736
101.6989,52.2172,101.6989,101.6989,101.6989,101.6989,101.6989
46.1528,50.534,46.1528,46.1528,46.1528,46.1528,46.1528
80.7335,61.119,80.7335,80.7335,80.7335,80.7335,80.7335
NA,53.8601,49.9186523765309,81.3857089539369,66.5456723461449,64.4015043713441,62.3776536553516
36.3804,25.3079,36.3804,36.3804,36.3804,36.3804,36.3804
NA,16.2888,23.5665247082127,25.2300278342522,23.4202526348155,26.5540927365407,24.2413551486311
62.7837,33.3239,62.7837,62.7837,62.7837,62.7837,62.7837
39.6687,41.2957,39.6687,39.6687,39.6687,39.6687,39.6687
61.4617,59.0002,61.4617,61.4617,61.4617,61.4617,61.4617
60.8771,42.0514,60.8771,60.8771,60.8771,60.8771,60.8771
69.7129,61.1712,69.7129,69.7129,69.7129,69.7129,69.7129
NA,49.0781,88.9675984896212,95.9768692930414,103.701232232624,65.6073507882036,54.8775776457609
306.8335,99.9293,306.8335,306.8335,306.8335,306.8335,306.8335
14.7962,10.3696,14.7962,14.7962,14.7962,14.7962,14.7962
NA,60.252,100.214664024136,56.3147121075606,81.3044404130897,99.9000645473903,112.306653855172
15.7822,10.3216,15.7822,15.7822,15.7822,15.7822,15.7822
36.9529,33.9515,36.9529,36.9529,36.9529,36.9529,36.9529
NA,57.1057,68.7735681211156,65.4969159991328,83.7789010096642,65.3160653107225,49.9824241754374
49.8028,56.6966,49.8028,49.8028,49.8028,49.8028,49.8028
NA,78.3939,68.3417187167703,131.07746725864,82.1716564575294,95.7866858307517,128.688604529934
68.647,74.4856,68.647,68.647,68.647,68.647,68.647
24.2383,16.2252,24.2383,24.2383,24.2383,24.2383,24.2383
65.66,33.6003,65.66,65.66,65.66,65.66,65.66
37.4084,43.9645,37.4084,37.4084,37.4084,37.4084,37.4084
91.0819,60.5895,91.0819,91.0819,91.0819,91.0819,91.0819
NA,92.2548,128.436506886556,138.015748161808,16.6672711822532,43.1121888189343,134.325462387213
50.7666,44.0373,50.7666,50.7666,50.7666,50.7666,50.7666
15.5988,11.241,15.5988,15.5988,15.5988,15.5988,15.5988
229.6112,71.1034,229.6112,229.6112,229.6112,229.6112,229.6112
NA,55.6607,87.3586177472925,113.948635131082,73.2907004561706,70.2025323498971,102.299289622868
NA,29.2008,43.1973620438003,38.2577068897581,47.9989874070378,41.4377995468477,40.7800331766466
NA,118.5384,213.762060664662,301.072936157965,286.235838492343,156.5645787861,40.373036097526
20.9245,14.7431,20.9245,20.9245,20.9245,20.9245,20.9245
NA,54.3122,65.1034125309548,36.5144382436174,57.4727889175119,79.277373039679,100.736574797427
20.5919,15.6474,20.5919,20.5919,20.5919,20.5919,20.5919
NA,67.117,189.882754595349,18.8575799644762,179.701664710517,160.855641509565,71.8738151885663
34.5169,19.8514,34.5169,34.5169,34.5169,34.5169,34.5169
15.0898,9.8826,15.0898,15.0898,15.0898,15.0898,15.0898
59.7976,37.4014,59.7976,59.7976,59.7976,59.7976,59.7976
NA,127.7433,396.373169481902,185.747700985285,-63.7642193969943,157.620543144995,359.987941294949
66.469,45.5921,66.469,66.469,66.469,66.469,66.469
20.3519,15.478,20.3519,20.3519,20.3519,20.3519,20.3519
NA,19.5988,31.1450052674845,30.2054274980726,25.7882657940958,28.9911218276679,27.9272424727385
NA,54.1498,94.0845546873303,81.8569947660099,72.4190558600817,105.883727276004,81.8976011575928
123.5418,79.6296,123.5418,123.5418,123.5418,123.5418,123.5418
63.4389,49.6128,63.4389,63.4389,63.4389,63.4389,63.4389
78.5028,63.8517,78.5028,78.5028,78.5028,78.5028,78.5028
24.5873,15.5461,24.5873,24.5873,24.5873,24.5873,24.5873
NA,71.3381,105.486950152777,89.1648602453051,125.630471123153,137.322372338429,95.4577615144045
NA,115.2698,304.613941552894,214.682376966995,259.239772285167,268.842981286395,193.733224185606
NA,85.0728,69.1073871938975,96.5652554390652,177.560631644622,85.3759801525464,91.3219932538053
24.975,15.5443,24.975,24.975,24.975,24.975,24.975
54.434,38.2699,54.434,54.434,54.434,54.434,54.434
NA,142.4235,340.193422959855,278.023788084924,462.334307749556,-64.6511839080074,359.400751276523
12.9159,8.5979,12.9159,12.9159,12.9159,12.9159,12.9159
NA,97.7721,145.967122183902,111.679718451311,175.917331722433,267.914616225319,256.747038163933
NA,67.6975,127.442976482258,118.447600106062,74.657197148955,129.964078298888,122.196966769781
NA,58.1643,108.97822239464,94.8798854541918,64.4567499391041,49.3925653379745,68.6297518197545
12.5266,8.5608,12.5266,12.5266,12.5266,12.5266,12.5266
NA,89.588,257.336623150567,182.55541120899,136.617385354129,209.463685341917,166.185454368225
12.3785,8.4685,12.3785,12.3785,12.3785,12.3785,12.3785
33.5714,21.0072,33.5714,33.5714,33.5714,33.5714,33.5714
42.7394,27.1165,42.7394,42.7394,42.7394,42.7394,42.7394
71.0285,54.1214,71.0285,71.0285,71.0285,71.0285,71.0285
NA,182.5442,611.219152761625,388.894404160671,25.7057874292276,-85.9435253009022,361.162909854182
NA,36.0506,39.0426434626194,64.4965966710922,64.2993538479438,44.408775566395,43.166160994621
21.8207,16.8661,21.8207,21.8207,21.8207,21.8207,21.8207
NA,70.6688,101.571596976696,179.693060567409,164.137844097751,175.082203305921,75.3160413442448
NA,57.5398,99.733190414013,102.087297470105,81.9541206011936,87.1565465102441,69.3660591342221
NA,49.9541,70.5723858771351,105.095456797037,80.2625388642049,102.582593792668,74.3759370865615
56.6658,37.5485,56.6658,56.6658,56.6658,56.6658,56.6658
NA,66.4141,207.654357529474,149.01685404226,57.5547745062819,95.8018488538192,123.272752786372
58.0009,40.589,58.0009,58.0009,58.0009,58.0009,58.0009
61.1298,51.8275,61.1298,61.1298,61.1298,61.1298,61.1298
27.4961,18.8503,27.4961,27.4961,27.4961,27.4961,27.4961
54.1695,34.6256,54.1695,54.1695,54.1695,54.1695,54.1695
74.8426,61.2536,74.8426,74.8426,74.8426,74.8426,74.8426
80.822,47.2678,80.822,80.822,80.822,80.822,80.822
27.9327,21.0885,27.9327,27.9327,27.9327,27.9327,27.9327
70.4377,75.745,70.4377,70.4377,70.4377,70.4377,70.4377
NA,81.3884,138.83496002627,155.396636201821,114.783980814433,94.740553285037,169.062358665434
NA,57.1366,92.1146327966256,91.2384226308294,38.952332465626,122.193087200727,49.6037821074897
28.1391,19.9335,28.1391,28.1391,28.1391,28.1391,28.1391
50.7432,32.697,50.7432,50.7432,50.7432,50.7432,50.7432
19.2026,12.6866,19.2026,19.2026,19.2026,19.2026,19.2026
31.7308,19.2759,31.7308,31.7308,31.7308,31.7308,31.7308
33.0008,21.3449,33.0008,33.0008,33.0008,33.0008,33.0008
44.6349,34.2474,44.6349,44.6349,44.6349,44.6349,44.6349
74.8885,51.2829,74.8885,74.8885,74.8885,74.8885,74.8885
69.7274,45.7985,69.7274,69.7274,69.7274,69.7274,69.7274
NA,41.6383,75.5784347323046,65.5857792531872,43.550407917194,68.7165922074582,72.4482793698909
99.6715,57.1323,99.6715,99.6715,99.6715,99.6715,99.6715
NA,103.151,150.070996130204,77.4948679755383,199.904132004089,132.847406718677,158.056293812406
19.5235,13.029,19.5235,19.5235,19.5235,19.5235,19.5235
53.8667,59.0717,53.8667,53.8667,53.8667,53.8667,53.8667
65.6955,45.3181,65.6955,65.6955,65.6955,65.6955,65.6955
NA,51.6012,53.0000267968822,127.829465324846,59.2122728769785,90.1642667756606,77.9839390625189
17.2316,11.0857,17.2316,17.2316,17.2316,17.2316,17.2316
NA,41.9556,66.8622963457358,72.7163940841121,69.4057703916268,37.7572793934151,60.306211369665
66.7317,50.0293,66.7317,66.7317,66.7317,66.7317,66.7317
72.1971,52.7014,72.1971,72.1971,72.1971,72.1971,72.1971
46.9376,26.9821,46.9376,46.9376,46.9376,46.9376,46.9376
NA,39.0036,40.8670690889155,62.3057473705178,55.4993935528551,48.1970706796041,67.3716804936679
53.3727,29.0758,53.3727,53.3727,53.3727,53.3727,53.3727
74.6535,57.5503,74.6535,74.6535,74.6535,74.6535,74.6535
48.2023,30.071,48.2023,48.2023,48.2023,48.2023,48.2023
69.7351,37.2339,69.7351,69.7351,69.7351,69.7351,69.7351
NA,61.3586,59.0087873610856,82.7869099045922,157.387289870142,48.0795624447847,66.385920136967
87.0564,44.8833,87.0564,87.0564,87.0564,87.0564,87.0564
26.5458,19.1345,26.5458,26.5458,26.5458,26.5458,26.5458
NA,51.869,106.340692497781,91.3515945645443,24.7023771937622,57.543545350972,58.082798723592
NA,23.1138,35.5631823333487,35.8408076131373,30.1274180290096,36.8901245331444,31.8909108290288
15.4765,10.2389,15.4765,15.4765,15.4765,15.4765,15.4765
50.9845,33.269,50.9845,50.9845,50.9845,50.9845,50.9845
NA,94.217,-18.6773896464389,236.875661261503,71.9093292796579,59.2943024872539,254.236064060148
25.008,17.2412,25.008,25.008,25.008,25.008,25.008
125.073,67.2061,125.073,125.073,125.073,125.073,125.073
40.9277,25.3248,40.9277,40.9277,40.9277,40.9277,40.9277
37.9703,110.7041,37.9703,37.9703,37.9703,37.9703,37.9703
84.4944,60.8184,84.4944,84.4944,84.4944,84.4944,84.4944
90.1774,54.5869,90.1774,90.1774,90.1774,90.1774,90.1774
74.864,41.6982,74.864,74.864,74.864,74.864,74.864
79.7998,65.3345,79.7998,79.7998,79.7998,79.7998,79.7998
58.2072,50.5551,58.2072,58.2072,58.2072,58.2072,58.2072
NA,66.1267,155.32952743099,60.7396417498574,148.230116782919,91.5415593736658,119.742199908369
21.2324,13.3228,21.2324,21.2324,21.2324,21.2324,21.2324
NA,109.3272,163.907738058824,222.31235513494,210.852446553284,126.469771337657,74.1705003829802
17.7657,11.683,17.7657,17.7657,17.7657,17.7657,17.7657
NA,124.1153,393.235444936187,139.067668498157,49.389461444147,116.24262360133,88.4399563500223
30.4864,20.6206,30.4864,30.4864,30.4864,30.4864,30.4864
70.5406,38.9763,70.5406,70.5406,70.5406,70.5406,70.5406
128.3472,80.526,128.3472,128.3472,128.3472,128.3472,128.3472
39.8252,41.5144,39.8252,39.8252,39.8252,39.8252,39.8252
27.3436,19.4358,27.3436,27.3436,27.3436,27.3436,27.3436
48.8181,27.0689,48.8181,48.8181,48.8181,48.8181,48.8181
29.0532,19.3102,29.0532,29.0532,29.0532,29.0532,29.0532
102.4294,72.5092,102.4294,102.4294,102.4294,102.4294,102.4294
69.4817,53.628,69.4817,69.4817,69.4817,69.4817,69.4817
16.2639,13.0989,16.2639,16.2639,16.2639,16.2639,16.2639
NA,13.7022,21.2318588773188,22.6394571865484,20.849295562005,20.8352414670448,21.2993863344314
NA,31.2778,32.6140573425943,49.3263798140904,45.6729649691607,45.693919950566,51.3545073408759
82.2459,60.8459,82.2459,82.2459,82.2459,82.2459,82.2459
NA,55.2183,69.1218873795899,52.6606502224916,60.5514445417562,132.554722192524,79.1119004665971
40.3173,28.983,40.3173,40.3173,40.3173,40.3173,40.3173
10.6547,7.0311,10.6547,10.6547,10.6547,10.6547,10.6547
NA,133.9055,329.374926236446,97.9695027104664,421.547938879376,-14.4850693222946,111.454468751895
82.8336,55.345,82.8336,82.8336,82.8336,82.8336,82.8336
30.5229,28.795,30.5229,30.5229,30.5229,30.5229,30.5229
73.4618,75.2865,73.4618,73.4618,73.4618,73.4618,73.4618
47.2531,32.6016,47.2531,47.2531,47.2531,47.2531,47.2531
28.272,20.7043,28.272,28.272,28.272,28.272,28.272
12.796,8.713,12.796,12.796,12.796,12.796,12.796
74.654,53.6414,74.654,74.654,74.654,74.654,74.654
NA,42.6697,81.5941280202411,88.8875128154034,53.6083434048752,75.7708559840726,53.1051864627887
45.33,27.4681,45.33,45.33,45.33,45.33,45.33
56.1498,32.961,56.1498,56.1498,56.1498,56.1498,56.1498
NA,112.842,71.0284116994395,147.204313074973,-82.2019157447533,242.011823008465,27.6970318464554
NA,78.3179,25.213230125141,165.440122710293,72.6280133837886,119.589279518173,115.302822307962
81.1165,42.2057,81.1165,81.1165,81.1165,81.1165,81.1165
NA,144.994,201.612535733322,169.668399363281,149.844140880235,-248.603112112373,283.96077313945
20.6613,13.1396,20.6613,20.6613,20.6613,20.6613,20.6613
21.6978,14.3913,21.6978,21.6978,21.6978,21.6978,21.6978
21.6617,14.0336,21.6617,21.6617,21.6617,21.6617,21.6617
72.7133,55.6588,72.7133,72.7133,72.7133,72.7133,72.7133
67.1739,73.7392,67.1739,67.1739,67.1739,67.1739,67.1739
22.409,13.1615,22.409,22.409,22.409,22.409,22.409
25.5268,20.0913,25.5268,25.5268,25.5268,25.5268,25.5268
134.088,120.5988,134.088,134.088,134.088,134.088,134.088
NA,50.0826,105.521426952195,63.9546071718545,86.9489885646121,72.9402654343384,85.9453345625652
64.8771,35.3516,64.8771,64.8771,64.8771,64.8771,64.8771
19.0851,11.2205,19.0851,19.0851,19.0851,19.0851,19.0851
67.7828,40.8215,67.7828,67.7828,67.7828,67.7828,67.7828
NA,26.8101,36.8609692282797,35.6009174350287,48.7390901258405,51.8721162151118,43.1077811632591
37.0408,32.4945,37.0408,37.0408,37.0408,37.0408,37.0408
64.496,51.0311,64.496,64.496,64.496,64.496,64.496
77.8241,87.379,77.8241,77.8241,77.8241,77.8241,77.8241
70.7996,68.1867,70.7996,70.7996,70.7996,70.7996,70.7996
80.7681,37.3264,80.7681,80.7681,80.7681,80.7681,80.7681
66.4747,90.5436,66.4747,66.4747,66.4747,66.4747,66.4747
53.3708,75.4194,53.3708,53.3708,53.3708,53.3708,53.3708
46.4578,36.0722,46.4578,46.4578,46.4578,46.4578,46.4578
57.6523,34.5349,57.6523,57.6523,57.6523,57.6523,57.6523
32.5966,30.246,32.5966,32.5966,32.5966,32.5966,32.5966
29.966,23.2206,29.966,29.966,29.966,29.966,29.966
206.7951,75.5701,206.7951,206.7951,206.7951,206.7951,206.7951
58.0638,51.382,58.0638,58.0638,58.0638,58.0638,58.0638
54.2746,35.0127,54.2746,54.2746,54.2746,54.2746,54.2746
NA,45.876,77.16138105548,56.7344132256834,51.014846275907,68.5901722242745,47.8836614810117
83.0843,51.937,83.0843,83.0843,83.0843,83.0843,83.0843
49.937,35.424,49.937,49.937,49.937,49.937,49.937
NA,70.2955,114.741156681361,41.0539214511002,139.769678168196,122.796119566685,100.508783107654
NA,36.7839,54.0989915720467,57.5631553039133,61.3568347127611,51.780486508306,41.1441544914575
NA,104.3815,235.884522432714,139.27026310596,35.542413873056,63.9029779714979,310.960555894297
NA,84.4551,183.654597093658,169.761536307316,175.308319287873,28.9958092215495,147.174643255591
11.5187,7.5369,11.5187,11.5187,11.5187,11.5187,11.5187
175.9742,63.7414,175.9742,175.9742,175.9742,175.9742,175.9742
NA,51.5931,71.8650400946939,58.5120023316539,44.3135705427172,66.2393433767837,83.0632096468445
79.9726,50.9249,79.9726,79.9726,79.9726,79.9726,79.9726
106.6545,94.3991,106.6545,106.6545,106.6545,106.6545,106.6545
27.9378,19.7757,27.9378,27.9378,27.9378,27.9378,27.9378
NA,80.8238,124.667317292659,107.53719088559,125.742656985672,106.508444139079,57.7872460336563
14.4809,10.1194,14.4809,14.4809,14.4809,14.4809,14.4809
70.7295,46.6141,70.7295,70.7295,70.7295,70.7295,70.7295
27.0891,18.0498,27.0891,27.0891,27.0891,27.0891,27.0891
53.4984,31.3087,53.4984,53.4984,53.4984,53.4984,53.4984
22.0156,14.672,22.0156,22.0156,22.0156,22.0156,22.0156
NA,26.0596,42.2792523347535,49.563848697939,35.3646816334587,39.7517821441087,41.7396973867049
166.9414,117.3221,166.9414,166.9414,166.9414,166.9414,166.9414
62.5981,100.6011,62.5981,62.5981,62.5981,62.5981,62.5981
76.919,56.1863,76.919,76.919,76.919,76.919,76.919
35.5679,60.2893,35.5679,35.5679,35.5679,35.5679,35.5679
124.7713,56.65,124.7713,124.7713,124.7713,124.7713,124.7713
30.289,23.4455,30.289,30.289,30.289,30.289,30.289
NA,77.4152,125.24907867054,299.377084272843,161.297797863762,126.682055673034,163.78435397378
NA,38.615,36.1669115516269,41.1357308729677,58.5207730534165,63.4564349793878,48.0991191902672
16.3806,12.3937,16.3806,16.3806,16.3806,16.3806,16.3806
NA,64.0107,97.9635341711695,100.061164575453,132.820715875178,116.752543349432,95.1947267617999
91.6101,71.8159,91.6101,91.6101,91.6101,91.6101,91.6101
71.0334,55.9224,71.0334,71.0334,71.0334,71.0334,71.0334
67.8048,46.0058,67.8048,67.8048,67.8048,67.8048,67.8048
32.9308,26.4003,32.9308,32.9308,32.9308,32.9308,32.9308
119.7889,69.6545,119.7889,119.7889,119.7889,119.7889,119.7889
NA,72.0198,160.306412000946,192.50491334311,146.322137039316,96.7107502682463,31.5317833427986
NA,66.8845,91.9811690927136,72.2714829474074,74.7896743198772,144.209068219004,119.207949353966
38.8758,25.2379,38.8758,38.8758,38.8758,38.8758,38.8758
47.5185,38.7061,47.5185,47.5185,47.5185,47.5185,47.5185
NA,85.4279,198.635556498219,112.087073385536,236.862259847146,151.236917966332,161.588994865913
118.9777,66.7373,118.9777,118.9777,118.9777,118.9777,118.9777
NA,159.9246,372.144260506104,322.223346470961,312.485725069712,264.757920992999,605.960767445118
NA,34.2318,51.9668409386918,40.938056483366,67.7101265673415,45.0789991665136,44.3752375546381
63.3088,41.4037,63.3088,63.3088,63.3088,63.3088,63.3088
55.4872,51.9913,55.4872,55.4872,55.4872,55.4872,55.4872
86.8372,48.3187,86.8372,86.8372,86.8372,86.8372,86.8372
65.9293,52.365,65.9293,65.9293,65.9293,65.9293,65.9293
21.7344,14.7934,21.7344,21.7344,21.7344,21.7344,21.7344
54.3806,38.7835,54.3806,54.3806,54.3806,54.3806,54.3806
NA,61.3323,150.261428822544,105.231935001757,58.1103701746858,87.2226695572229,115.099711950817
103.4013,54.2006,103.4013,103.4013,103.4013,103.4013,103.4013
101.089,60.8553,101.089,101.089,101.089,101.089,101.089
78.0169,66.8192,78.0169,78.0169,78.0169,78.0169,78.0169
38.2859,23.3471,38.2859,38.2859,38.2859,38.2859,38.2859
27.0779,17.953,27.0779,27.0779,27.0779,27.0779,27.0779
58.1496,31.6791,58.1496,58.1496,58.1496,58.1496,58.1496
NA,111.3739,251.585435590418,183.090532538361,183.597077876122,95.8088998232646,65.7098028264517
58.4375,32.8154,58.4375,58.4375,58.4375,58.4375,58.4375
NA,114.2517,360.751848007926,83.5755299436966,40.6470186469276,224.728057614802,118.858961231885
22.8483,15.2554,22.8483,22.8483,22.8483,22.8483,22.8483
NA,51.8231,75.0661496957375,42.5977227657798,73.8901297985269,91.2645965113726,77.3276439717159
99.5345,54.7977,99.5345,99.5345,99.5345,99.5345,99.5345
79.8405,54.1781,79.8405,79.8405,79.8405,79.8405,79.8405
25.2409,17.7505,25.2409,25.2409,25.2409,25.2409,25.2409
54.7304,31.5444,54.7304,54.7304,54.7304,54.7304,54.7304
15.5018,10.5322,15.5018,15.5018,15.5018,15.5018,15.5018
137.7328,67.5648,137.7328,137.7328,137.7328,137.7328,137.7328
21.2531,14.3026,21.2531,21.2531,21.2531,21.2531,21.2531
NA,28.4365,50.4657448289751,47.3324181110151,48.9925068966059,38.7553330790012,43.2057370901667
76.9177,36.9559,76.9177,76.9177,76.9177,76.9177,76.9177
NA,30.2492,41.5970159144402,48.1857044545076,52.8841199273204,45.3613524753022,44.8925552816988
125.2723,73.9769,125.2723,125.2723,125.2723,125.2723,125.2723
40.1136,26.68,40.1136,40.1136,40.1136,40.1136,40.1136
51.9604,32.4098,51.9604,51.9604,51.9604,51.9604,51.9604
79.2798,52.7038,79.2798,79.2798,79.2798,79.2798,79.2798
NA,88.9226,180.557379887531,10.1625783002812,136.949855860348,77.9294003825859,196.641476554111
22.0578,15.7931,22.0578,22.0578,22.0578,22.0578,22.0578
69.1018,43.2411,69.1018,69.1018,69.1018,69.1018,69.1018
32.5418,18.92,32.5418,32.5418,32.5418,32.5418,32.5418
28.0867,37.9793,28.0867,28.0867,28.0867,28.0867,28.0867
97.1536,89.1833,97.1536,97.1536,97.1536,97.1536,97.1536
NA,81.0701,152.22185567214,20.1347449736933,118.848107290737,117.511076322842,255.734020981347
NA,76.458,141.295953045527,173.499644831448,84.026892576038,95.5869750027839,130.682499239476
NA,23.4908,35.632771388093,37.0003426899266,35.3488783184322,34.44917335441,40.8633539533197
24.1157,18.9828,24.1157,24.1157,24.1157,24.1157,24.1157
31.6363,23.0455,31.6363,31.6363,31.6363,31.6363,31.6363
NA,80.5049,127.731365324995,59.2860688215651,222.599225423793,226.728069172494,107.148490032302
18.2254,11.7652,18.2254,18.2254,18.2254,18.2254,18.2254
69.9862,52.0492,69.9862,69.9862,69.9862,69.9862,69.9862
NA,48.6898,57.5911588897948,66.8615538643942,58.136415495219,68.7899397757613,98.1246640403441
81.2195,74.0342,81.2195,81.2195,81.2195,81.2195,81.2195
44.1122,31.9506,44.1122,44.1122,44.1122,44.1122,44.1122
61.8855,39.1961,61.8855,61.8855,61.8855,61.8855,61.8855
115.542,50.5521,115.542,115.542,115.542,115.542,115.542
101.5093,56.35,101.5093,101.5093,101.5093,101.5093,101.5093
57.1859,40.2975,57.1859,57.1859,57.1859,57.1859,57.1859
33.424,28.7136,33.424,33.424,33.424,33.424,33.424
NA,46.7477,25.0043534306942,74.3492771924688,65.5920709037152,85.6213902828573,60.9686729054701
24.8371,15.2971,24.8371,24.8371,24.8371,24.8371,24.8371
29.9248,22.3627,29.9248,29.9248,29.9248,29.9248,29.9248
NA,50.5583,97.1744904744792,83.9552915072938,55.6533454712877,84.877513173946,51.9000909243587
71.1385,69.6503,71.1385,71.1385,71.1385,71.1385,71.1385
NA,29.7765,48.0468506265784,42.9708818373269,52.8239259398519,39.5869171265051,39.8639528756123
NA,83.4617,237.16562267243,126.123330820646,143.071951338272,79.9135739390997,206.331598688546
60.2723,37.9224,60.2723,60.2723,60.2723,60.2723,60.2723
103.7551,59.614,103.7551,103.7551,103.7551,103.7551,103.7551
NA,82.2305,137.470788376587,44.8011891301458,72.1468849442988,191.991275953132,82.4153141438423
96.8487,64.2658,96.8487,96.8487,96.8487,96.8487,96.8487
223.8672,96.0731,223.8672,223.8672,223.8672,223.8672,223.8672
NA,49.5962,68.4113152033191,79.0939508009074,84.1423657419674,77.3979485584736,71.7151494275154
43.165,29.9479,43.165,43.165,43.165,43.165,43.165
23.2048,17.7448,23.2048,23.2048,23.2048,23.2048,23.2048
NA,77.017,96.432645677077,150.316724638931,152.78550733562,97.5250721930545,192.852410182512
42.7493,30.4304,42.7493,42.7493,42.7493,42.7493,42.7493
142.5633,57.7515,142.5633,142.5633,142.5633,142.5633,142.5633
14.719,10.2161,14.719,14.719,14.719,14.719,14.719
NA,32.4142,51.525842380862,46.4677572924749,48.7797092924413,57.9242435658931,39.6325292637091
11.4884,7.8041,11.4884,11.4884,11.4884,11.4884,11.4884
NA,32.2412,52.1582512876105,39.9684851257544,50.6681355007625,43.8511182852408,47.3385350895302
117.4072,75.1673,117.4072,117.4072,117.4072,117.4072,117.4072
60.2749,39.8601,60.2749,60.2749,60.2749,60.2749,60.2749
102.2656,58.1699,102.2656,102.2656,102.2656,102.2656,102.2656
35.6166,25.0882,35.6166,35.6166,35.6166,35.6166,35.6166
47.1804,30.2939,47.1804,47.1804,47.1804,47.1804,47.1804
12.971,8.0786,12.971,12.971,12.971,12.971,12.971
NA,99.2772,103.684791323439,120.776687771953,319.707709002845,113.425464814641,42.3796989289074
21.1266,14.9459,21.1266,21.1266,21.1266,21.1266,21.1266
11.518,7.68,11.518,11.518,11.518,11.518,11.518
79.465,47.5345,79.465,79.465,79.465,79.465,79.465
56.3393,50.9449,56.3393,56.3393,56.3393,56.3393,56.3393
43.4318,29.8408,43.4318,43.4318,43.4318,43.4318,43.4318
24.3662,19.5492,24.3662,24.3662,24.3662,24.3662,24.3662
NA,67.4603,99.66171760413,41.9804248002601,105.050076928659,35.1758179825131,56.1885722282275
28.6564,24.6712,28.6564,28.6564,28.6564,28.6564,28.6564
NA,101.8985,168.592920622613,166.063626161725,56.3311804777497,129.723257714948,273.742678164258
35.492,34.4884,35.492,35.492,35.492,35.492,35.492
NA,25.1188,43.3885313869339,37.595804574923,37.2789061076223,40.2916902024059,31.7167157655268
46.2042,32.1934,46.2042,46.2042,46.2042,46.2042,46.2042
19.1334,12.6375,19.1334,19.1334,19.1334,19.1334,19.1334
NA,53.8709,100.694919858123,60.3991763543695,80.4415625702438,80.9773159825914,24.4025229181122
37.609,26.3983,37.609,37.609,37.609,37.609,37.609
91.192,75.3912,91.192,91.192,91.192,91.192,91.192
129.0353,73.3914,129.0353,129.0353,129.0353,129.0353,129.0353
NA,38.8124,72.9615226614223,62.7037759999517,49.7410312103258,71.8180275471547,32.671398301946
NA,67.5256,69.8451145655868,102.039914700745,126.967791802834,122.902988270279,159.052126169375
NA,92.7443,83.370067400155,145.54686637677,247.856252905532,49.3439257679702,290.015401094712
NA,96.4354,158.325540137878,271.71819893388,265.611453695379,129.279243512814,284.422517347944
47.8689,45.296,47.8689,47.8689,47.8689,47.8689,47.8689
NA,55.5952,76.6327581233359,90.7436361724034,70.339432026748,135.674986301691,112.984540961927
NA,77.9656,85.0731220783983,143.483001318043,119.511739239931,141.873838118263,162.595103465989
90.5325,46.6685,90.5325,90.5325,90.5325,90.5325,90.5325
108.7858,82.3327,108.7858,108.7858,108.7858,108.7858,108.7858
97.5673,58.0321,97.5673,97.5673,97.5673,97.5673,97.5673
NA,23.9348,44.1884589963648,38.3446272624437,29.1634353891082,36.1621516159355,28.7917386216406
NA,87.9934,127.21947280264,89.423283052926,228.077627146187,158.547573950358,241.099788398202
74.3165,61.3045,74.3165,74.3165,74.3165,74.3165,74.3165
NA,90.6477,50.5718674996447,116.782385537468,186.477814759696,107.357244229002,96.685639006483
50.6546,36.7824,50.6546,50.6546,50.6546,50.6546,50.6546
94.8078,57.3091,94.8078,94.8078,94.8078,94.8078,94.8078
22.5243,14.0217,22.5243,22.5243,22.5243,22.5243,22.5243
NA,41.5975,61.8340336198453,46.6843771538942,65.1176009343842,58.1107487031458,64.2353353965901
66.8695,45.8433,66.8695,66.8695,66.8695,66.8695,66.8695
76.296,58.01,76.296,76.296,76.296,76.296,76.296
55.2535,35.6143,55.2535,55.2535,55.2535,55.2535,55.2535
36.8481,22.7276,36.8481,36.8481,36.8481,36.8481,36.8481
NA,45.7777,78.1409834925365,57.0803992943603,40.1141819523574,89.5837821378907,70.0315149646173
54.7382,26.936,54.7382,54.7382,54.7382,54.7382,54.7382
NA,41.8483,76.7468645131857,68.8424410604898,63.4347766058375,49.2272995588376,60.2169355980838
48.7535,35.7318,48.7535,48.7535,48.7535,48.7535,48.7535
NA,66.3328,30.6679965599967,92.0045007426858,116.878986896364,143.489976028888,129.851531875288
42.6682,34.5731,42.6682,42.6682,42.6682,42.6682,42.6682
71.9937,43.2337,71.9937,71.9937,71.9937,71.9937,71.9937
93.7063,44.8907,93.7063,93.7063,93.7063,93.7063,93.7063
41.5282,23.668,41.5282,41.5282,41.5282,41.5282,41.5282
70.1376,45.7024,70.1376,70.1376,70.1376,70.1376,70.1376
41.9482,33.588,41.9482,41.9482,41.9482,41.9482,41.9482
34.6973,31.0167,34.6973,34.6973,34.6973,34.6973,34.6973
63.7315,61.1065,63.7315,63.7315,63.7315,63.7315,63.7315
26.5849,18.8846,26.5849,26.5849,26.5849,26.5849,26.5849
38.2384,26.6525,38.2384,38.2384,38.2384,38.2384,38.2384
47.0271,25.1217,47.0271,47.0271,47.0271,47.0271,47.0271
NA,27.8251,48.972464043601,34.0651772572405,41.7356198237986,41.1215014653364,39.6682908752649
89.3277,49.9397,89.3277,89.3277,89.3277,89.3277,89.3277
170.1336,65.2285,170.1336,170.1336,170.1336,170.1336,170.1336
39.3325,28.5627,39.3325,39.3325,39.3325,39.3325,39.3325
NA,62.9306,138.591938934928,98.6069105043287,78.4277800713174,74.723895197365,124.474272953029
NA,39.7936,50.3643892421423,75.904439951747,68.2952729634381,55.5766232251154,71.7399274297299
153.838,89.3311,153.838,153.838,153.838,153.838,153.838
NA,98.3231,38.8705997561979,166.734817442885,196.464093965248,149.121028870274,70.1726644772316
NA,74.2366,179.862132781931,71.8117447572356,128.483987541634,111.726009276538,116.539635174526
NA,31.3664,54.149584018156,46.9873086188902,49.7208568751373,52.8328444255038,56.0783946209131
137.4651,72.2575,137.4651,137.4651,137.4651,137.4651,137.4651
65.6163,33.1452,65.6163,65.6163,65.6163,65.6163,65.6163
56.9454,39.3713,56.9454,56.9454,56.9454,56.9454,56.9454
35.6005,24.5464,35.6005,35.6005,35.6005,35.6005,35.6005
77.8655,44.9895,77.8655,77.8655,77.8655,77.8655,77.8655
NA,81.082,132.136492992114,48.210512120041,83.1590146577096,107.555204988459,83.8948707207268
NA,16.7001,28.2015354988595,28.6765530316881,28.2584291208888,27.9012741178292,24.1531554970304
79.0507,76.0476,79.0507,79.0507,79.0507,79.0507,79.0507
38.9379,26.5247,38.9379,38.9379,38.9379,38.9379,38.9379
49.4325,30.9375,49.4325,49.4325,49.4325,49.4325,49.4325
NA,42.3593,68.6943285643466,65.4651663837588,78.4213985504121,67.6091812850597,71.7519110250632
NA,81.9243,62.984957719602,194.802095906449,86.9716218201139,141.802432409527,132.259717240224
57.0369,38.4009,57.0369,57.0369,57.0369,57.0369,57.0369
76.2517,61.9349,76.2517,76.2517,76.2517,76.2517,76.2517
NA,23.8429,29.2745960556555,33.0600169993285,41.2797456581627,37.7687028102255,36.7984736448221
58.3977,39.7907,58.3977,58.3977,58.3977,58.3977,58.3977
28.0462,17.4913,28.0462,28.0462,28.0462,28.0462,28.0462
88.2786,42.3967,88.2786,88.2786,88.2786,88.2786,88.2786
NA,74.4596,48.0801418111496,140.766730219021,195.20800234869,123.994622170208,148.232672890787
17.8641,11.3782,17.8641,17.8641,17.8641,17.8641,17.8641
74.0537,50.2426,74.0537,74.0537,74.0537,74.0537,74.0537
34.497,24.7167,34.497,34.497,34.497,34.497,34.497
NA,46.5365,84.0913990746649,61.66299149594,98.5564968150013,104.333339629821,51.4516980242091
NA,94.8487,122.014790372315,214.433268217509,167.1020778324,90.7950050027192,153.082162091138
152.8676,111.9765,152.8676,152.8676,152.8676,152.8676,152.8676
89.9626,61.0834,89.9626,89.9626,89.9626,89.9626,89.9626
67.7164,36.1596,67.7164,67.7164,67.7164,67.7164,67.7164
NA,99.6381,113.927999303739,176.409777481402,151.120032638188,218.60441429715,117.183520605539
38.3691,25.4285,38.3691,38.3691,38.3691,38.3691,38.3691
31.2437,23.8833,31.2437,31.2437,31.2437,31.2437,31.2437
NA,47.2721,67.8003651825274,73.3204381654759,63.6979363154517,89.4406223298071,47.5718099243282
NA,51.9305,37.224523796387,73.4711319528527,113.278205634328,109.213717233968,72.2713163517114
NA,71.7332,101.235099175497,93.979418991468,118.310752408754,147.942889109835,144.185697437225
55.4621,76.7517,55.4621,55.4621,55.4621,55.4621,55.4621
159.0788,91.0607,159.0788,159.0788,159.0788,159.0788,159.0788
49.9298,78.2538,49.9298,49.9298,49.9298,49.9298,49.9298
41.7415,29.8997,41.7415,41.7415,41.7415,41.7415,41.7415
50.4023,38.5819,50.4023,50.4023,50.4023,50.4023,50.4023
58.6166,44.2144,58.6166,58.6166,58.6166,58.6166,58.6166
42.3755,24.6023,42.3755,42.3755,42.3755,42.3755,42.3755
165.9944,132.6759,165.9944,165.9944,165.9944,165.9944,165.9944
180.3057,81.8952,180.3057,180.3057,180.3057,180.3057,180.3057
60.8732,39.218,60.8732,60.8732,60.8732,60.8732,60.8732
42.6657,25.4738,42.6657,42.6657,42.6657,42.6657,42.6657
104.6779,57.0138,104.6779,104.6779,104.6779,104.6779,104.6779
76.7266,41.5205,76.7266,76.7266,76.7266,76.7266,76.7266
28.739,20.3715,28.739,28.739,28.739,28.739,28.739
17.2201,12.0984,17.2201,17.2201,17.2201,17.2201,17.2201
33.2631,26.8341,33.2631,33.2631,33.2631,33.2631,33.2631
35.4034,23.9759,35.4034,35.4034,35.4034,35.4034,35.4034
NA,85.9288,161.109732870471,178.747075923154,53.6036656288132,35.6064260343135,102.959051292935
75.1432,43.1512,75.1432,75.1432,75.1432,75.1432,75.1432
58.4055,42.0645,58.4055,58.4055,58.4055,58.4055,58.4055
NA,23.6709,36.6756651393426,28.5864772094983,28.6355013908146,42.6990410722181,31.5758812103659
22.7989,14.2744,22.7989,22.7989,22.7989,22.7989,22.7989
54.3558,36.392,54.3558,54.3558,54.3558,54.3558,54.3558
NA,72.632,66.9452024268095,67.549648857912,186.082307704316,178.820833336251,135.458382622423
108.2495,71.5649,108.2495,108.2495,108.2495,108.2495,108.2495
61.3721,43.7258,61.3721,61.3721,61.3721,61.3721,61.3721
NA,71.7682,133.051465696937,124.567908473718,99.371450534161,114.912505030804,102.531136912044
NA,120.5888,238.577178703116,269.8443878262,414.103869334961,-131.343308470785,204.752752735351
NA,91.2618,57.619189970165,174.099513898747,156.083095966356,231.412847193682,156.506956937857
NA,144.6917,10.4503922642474,312.765337443109,278.49906661386,610.670565780051,342.517931719588
84.7693,68.3628,84.7693,84.7693,84.7693,84.7693,84.7693
27.2709,26.9696,27.2709,27.2709,27.2709,27.2709,27.2709
55.1002,47.3959,55.1002,55.1002,55.1002,55.1002,55.1002
29.2684,19.4793,29.2684,29.2684,29.2684,29.2684,29.2684
34.6809,21.9127,34.6809,34.6809,34.6809,34.6809,34.6809
47.1117,29.4834,47.1117,47.1117,47.1117,47.1117,47.1117
63.6957,64.7871,63.6957,63.6957,63.6957,63.6957,63.6957
NA,80.2048,101.027197870406,79.4061833023208,82.7173140616642,104.128960642968,78.1602302600238
45.1027,26.5473,45.1027,45.1027,45.1027,45.1027,45.1027
NA,91.7759,59.4333407472783,170.853676697683,131.730542176444,45.0695787521561,85.0230534215347
NA,76.1901,83.817020378543,108.648554908497,158.264968153284,112.791348985158,142.713442063099
47.0625,31.6087,47.0625,47.0625,47.0625,47.0625,47.0625
NA,88.2578,161.36135290435,159.179124969624,99.2254833802943,66.8713505625111,-48.3464232902631
93.5788,53.492,93.5788,93.5788,93.5788,93.5788,93.5788
68.7526,44.0468,68.7526,68.7526,68.7526,68.7526,68.7526
75.1475,61.4182,75.1475,75.1475,75.1475,75.1475,75.1475
63.2312,50.9982,63.2312,63.2312,63.2312,63.2312,63.2312
124.7857,92.0828,124.7857,124.7857,124.7857,124.7857,124.7857
65.3109,33.8758,65.3109,65.3109,65.3109,65.3109,65.3109
76.319,86.4528,76.319,76.319,76.319,76.319,76.319
NA,68.5362,88.8341835586555,121.402540759166,168.540906512867,152.330289241874,76.4257261249752
40.3184,33.3174,40.3184,40.3184,40.3184,40.3184,40.3184
26.7512,20.7903,26.7512,26.7512,26.7512,26.7512,26.7512
39.4763,31.1506,39.4763,39.4763,39.4763,39.4763,39.4763
80.2038,56.2956,80.2038,80.2038,80.2038,80.2038,80.2038
87.0945,74.0724,87.0945,87.0945,87.0945,87.0945,87.0945
54.5686,48.6532,54.5686,54.5686,54.5686,54.5686,54.5686
84.1823,94.7843,84.1823,84.1823,84.1823,84.1823,84.1823
NA,61.1336,138.013282379354,48.0412004338835,118.01616301849,80.9108748774228,17.2606309080456
NA,42.5264,85.3991800273172,62.9280159050925,93.7069834125494,62.6129365066842,73.727214275453
NA,20.4783,29.6723556723811,26.7381036277189,28.5957793958894,32.3108712758182,29.4657666611971
NA,69.4367,100.013164997882,118.883330955439,130.643514591975,67.5329291029995,122.166376918669
42.5827,26.5506,42.5827,42.5827,42.5827,42.5827,42.5827
16.3683,11.4372,16.3683,16.3683,16.3683,16.3683,16.3683
NA,60.6603,148.826506778148,91.0826645412122,156.962258044694,98.8082480547229,107.980475184591
66.3495,39.5634,66.3495,66.3495,66.3495,66.3495,66.3495
30.9633,19.5741,30.9633,30.9633,30.9633,30.9633,30.9633
NA,93.798,219.142516843577,165.76295854371,-19.2131936311066,213.244114999712,158.99810827603
12.7056,9.0249,12.7056,12.7056,12.7056,12.7056,12.7056
30.4286,26.3909,30.4286,30.4286,30.4286,30.4286,30.4286
27.2481,17.6917,27.2481,27.2481,27.2481,27.2481,27.2481
83.519,47.7565,83.519,83.519,83.519,83.519,83.519
104.9429,66.8728,104.9429,104.9429,104.9429,104.9429,104.9429
36.4191,27.0646,36.4191,36.4191,36.4191,36.4191,36.4191
31.1165,17.3533,31.1165,31.1165,31.1165,31.1165,31.1165
49.1132,31.4691,49.1132,49.1132,49.1132,49.1132,49.1132
72.5857,57.3946,72.5857,72.5857,72.5857,72.5857,72.5857
NA,29.6003,34.3627314611903,44.0677905519056,49.0156540780967,48.6031550966799,40.7253668360074
34.5516,22.1926,34.5516,34.5516,34.5516,34.5516,34.5516
67.4961,49.552,67.4961,67.4961,67.4961,67.4961,67.4961
9.1282,6.1059,9.1282,9.1282,9.1282,9.1282,9.1282
26.4897,20.2346,26.4897,26.4897,26.4897,26.4897,26.4897
42.9528,31.9422,42.9528,42.9528,42.9528,42.9528,42.9528
45.2516,35.5959,45.2516,45.2516,45.2516,45.2516,45.2516
NA,61.468,77.0802429691052,91.362017235202,101.444615905464,96.8703206221833,126.597386110958
NA,53.3075,97.9776637475132,89.0462115443327,102.14919681719,75.1236199122858,65.4157197288834
68.3684,48.5857,68.3684,68.3684,68.3684,68.3684,68.3684
44.2236,35.666,44.2236,44.2236,44.2236,44.2236,44.2236
57.1147,42.6744,57.1147,57.1147,57.1147,57.1147,57.1147
63.842,42.7814,63.842,63.842,63.842,63.842,63.842
67.3504,58.8768,67.3504,67.3504,67.3504,67.3504,67.3504
110.0267,48.8428,110.0267,110.0267,110.0267,110.0267,110.0267
54.8397,46.106,54.8397,54.8397,54.8397,54.8397,54.8397
83.8725,90.2402,83.8725,83.8725,83.8725,83.8725,83.8725
56.5048,38.4675,56.5048,56.5048,56.5048,56.5048,56.5048
36.5869,31.4238,36.5869,36.5869,36.5869,36.5869,36.5869
78.0798,38.0177,78.0798,78.0798,78.0798,78.0798,78.0798
9.2879,6.3431,9.2879,9.2879,9.2879,9.2879,9.2879
89.3656,52.0353,89.3656,89.3656,89.3656,89.3656,89.3656
177.3106,93.4335,177.3106,177.3106,177.3106,177.3106,177.3106
51.7834,31.446,51.7834,51.7834,51.7834,51.7834,51.7834
NA,53.311,70.2001896120525,50.6300110776159,70.0587273278981,127.290471341365,101.723802703618
NA,26.7282,35.0226841996516,36.388411360884,37.4040423058194,36.59144914547,42.2715363250489
NA,110.2369,131.035972221318,9.9574032614232,83.7000954623351,41.9357615487821,188.043086255941
71.8539,44.0203,71.8539,71.8539,71.8539,71.8539,71.8539
132.1441,62.8698,132.1441,132.1441,132.1441,132.1441,132.1441
74.2473,44.9485,74.2473,74.2473,74.2473,74.2473,74.2473
NA,53.4456,88.719797764876,60.4511901911898,98.687276246371,95.9015163561176,65.7012569226217
50.1686,29.3799,50.1686,50.1686,50.1686,50.1686,50.1686
NA,30.4577,44.2207044132865,39.3481120605389,51.577710593713,52.6865197893306,45.5390424081931
76.2408,48.7663,76.2408,76.2408,76.2408,76.2408,76.2408
NA,40.8025,61.1506662443317,62.7904451499516,79.3630816449575,68.7502707324401,59.0625114537012
72.7892,39.4675,72.7892,72.7892,72.7892,72.7892,72.7892
NA,31.1012,45.278539967967,48.077927075706,49.463997103839,43.9443964459032,41.2355587334302
143.4038,67.2636,143.4038,143.4038,143.4038,143.4038,143.4038
50.1869,47.2105,50.1869,50.1869,50.1869,50.1869,50.1869
35.7763,23.3373,35.7763,35.7763,35.7763,35.7763,35.7763
70.0159,41.2857,70.0159,70.0159,70.0159,70.0159,70.0159
36.3129,28.0875,36.3129,36.3129,36.3129,36.3129,36.3129
NA,39.8766,62.381404125427,53.7382767153969,84.226560681318,51.9043121948049,65.2752245487477
20.9546,24.8108,20.9546,20.9546,20.9546,20.9546,20.9546
NA,49.3061,81.6624979195785,56.866291024446,43.4111510103752,60.8049047386201,109.589974320974
NA,69.2342,131.584829639163,65.1691210036246,31.5699457514856,136.125468435155,138.475724638993
212.2258,105.2495,212.2258,212.2258,212.2258,212.2258,212.2258
NA,69.7765,102.477461568262,83.5177666098113,97.0073816447652,136.132225109285,84.7228949832959
30.4927,18.0018,30.4927,30.4927,30.4927,30.4927,30.4927
NA,104.3048,196.147768563554,217.537898733672,331.972820018291,176.421402858813,119.866149668566
NA,69.639,125.999893768892,104.741923449109,92.8762694050778,120.622579151004,61.3123430272793
23.5312,16.4593,23.5312,23.5312,23.5312,23.5312,23.5312
NA,105.153,121.968117117626,211.358109276909,306.808928265518,85.0123514328387,109.675025285345
116.1735,64.2475,116.1735,116.1735,116.1735,116.1735,116.1735
107.4754,56.9865,107.4754,107.4754,107.4754,107.4754,107.4754
NA,78.4739,70.9243917207977,146.74319661319,144.953277224126,110.415133996735,69.5974766624818
133.6281,78.4018,133.6281,133.6281,133.6281,133.6281,133.6281
15.3156,10.164,15.3156,15.3156,15.3156,15.3156,15.3156
100.4173,58.1831,100.4173,100.4173,100.4173,100.4173,100.4173
NA,131.0856,315.303063735276,247.327164209824,499.258695792259,372.260658847675,27.801993930898
NA,129.9539,270.679805840273,110.05359767545,-0.965242254863853,489.279584750355,308.337955675664
14.7069,9.7298,14.7069,14.7069,14.7069,14.7069,14.7069
28.3662,22.0172,28.3662,28.3662,28.3662,28.3662,28.3662
18.5349,11.7112,18.5349,18.5349,18.5349,18.5349,18.5349
